rank,player_name,age,standard_position,team,league,minutes,total_score,core_performance,behavior_score,age_score,reliability_score,league_score,risk_penalty,data_completeness,market_value,height
1,Sávio,20.0,Winger,Manchester City,Premier League,1766,86.82474182444062,84.61847389558233,100.0,66.66666666666666,91.64285714285714,100.0,0.0,1.0,200000.0,173.0
2,Alejandro Garnacho,20.0,Winger,Manchester Utd,Premier League,2199,82.51204819277109,72.24899598393574,100.0,66.66666666666666,100.0,100.0,0.0,1.0,28000000.0,180.0
3,Yankuba Minteh,20.0,Winger,Brighton,Premier League,1838,80.9393717728055,70.68273092369478,100.0,66.66666666666666,94.21428571428571,100.0,0.0,1.0,45000000.0,180.0
4,Carlos Baleba,20.0,DM,Brighton,Premier League,2661,77.83388157894737,68.51973684210526,100.0,66.66666666666666,100.0,100.0,-3.0,1.0,55000000.0,179.0
5,Yasin Ayari,20.0,CM,Brighton,Premier League,1965,76.74821428571428,59.85714285714286,100.0,66.66666666666666,98.75,100.0,0.0,1.0,35000000.0,172.0
