rank,player_name,age,standard_position,team,league,minutes,total_score,core_performance,behavior_score,age_score,reliability_score,league_score,risk_penalty,data_completeness,market_value,height
1,Sávio,20.0,Winger,Manchester City,Premier League,1766,85.48739242685025,81.64658634538152,100.0,66.66666666666666,91.64285714285714,100.0,0.0,1.0,200000.0,173.0
2,Alejandro Garnacho,20.0,Winger,Manchester Utd,Premier League,2199,83.65963855421687,74.7991967871486,100.0,66.66666666666666,100.0,100.0,0.0,1.0,28000000.0,180.0
3,Yankuba Minteh,20.0,Winger,Brighton,Premier League,1838,81.5447934595525,72.0281124497992,100.0,66.66666666666666,94.21428571428571,100.0,0.0,1.0,45000000.0,180.0
4,Carlos Baleba,20.0,DM,Brighton,Premier League,2661,77.83388157894737,68.51973684210526,100.0,66.66666666666666,100.0,100.0,-3.0,1.0,55000000.0,179.0
5,Yasin Ayari,20.0,CM,Brighton,Premier League,1965,77.17678571428571,60.80952380952381,100.0,66.66666666666666,98.75,100.0,0.0,1.0,35000000.0,172.0
